"Region","sd_level","n_points","count_inside","percent_inside","centroid_x","centroid_y","major_axis","minor_axis","orientation_deg","area_m2"
"TestGroup",1,50,29,58,323037.14588509,4307771.07672899,2853.30718640454,1396.13557270683,169.480359790009,12506460.0533229
"TestGroup",2,50,49,98,323037.14588509,4307771.07672899,5706.61437280907,2792.27114541367,169.480359790009,50025840.2132905
"TestGroup",3,50,50,100,323037.14588509,4307771.07672899,8559.92155921361,4188.4067181205,169.480359790009,112558140.479906
